"","mu","phi","theta","sigma"
"1",0.432907394179,0.763514884907667,0.247875263756501,0.426510131800191
"2",NA,-0.238941314680732,0.667462932492315,NA
"3",NA,0.344614854547164,0.331507435647219,NA
"4",NA,NA,0.788187154760585,NA
"5",NA,NA,0.197318681419743,NA
"6",NA,NA,0.432907394179,NA
