"","mu","phi","theta","sigma"
"1",-0.510384031072458,0.242707459781127,-0.417631647990034,0.446005117026018
"2",NA,0.561796679005671,0.243217469317286,NA
"3",NA,-0.429290795984946,-0.205601848345551,NA
"4",NA,NA,0.111266026444032,NA
"5",NA,NA,0.269019186782331,NA
"6",NA,NA,-0.510384031072458,NA
