"","mu","phi","theta","sigma"
"1",0.784052658753291,-0.43106620603302,0.208793347557451,0.991268636394943
"2",NA,0.641697844547355,-0.555052621863939,NA
"3",NA,0.222163887484468,0.437340382675992,NA
"4",NA,NA,-0.329647263583625,NA
"5",NA,NA,0.113341383199185,NA
"6",NA,NA,0.784052658753291,NA
